{"acc": 0.8333333333333334, "f1": 0.8331479421579533, "roc_auc": 0.8392857142857143}